A0088687L03UFXBPGUKX	0
A01748741OKNHVF3JTX1I	1
A02155413BVL8D0G7X6DN	2
A04588013IUFBSU7WNPZU	3
A100L918633LUO	4
A103446133R7AD81RU69A	5
A107XW7N7A7NFQ	6
A108RS2LU6R5ZC	7
A10MZ1W1M8LIBJ	8
A10NIZTEOWKX5N	9
A10UNHH0SIMF7I	10
A10V47NBRDP30X	11
A10VVD2S6W6ICO	12
A111QHBNIMJCIC	13
A11RO54KL67B3C	14
A11TNQUYXCHW22	15
A11Z77R2XLVD6	16
A11Z8RVUCDYJAC	17
A121W2QOFQQAYM	18
A12I168GPDYZIX	19
A12QHPGZ0DVYO1	20
A12SCC4F59WPZ7	21
A1358VN1KEGP85	22
A135A25KV7MWFP	23
A13FXJHMILOUW0	24
A13JQ1RII5OIVN	25
A13K7DI5Q7UXSB	26
A13MYKAQEWLJ9P	27
A13R550JP3A8BO	28
A15DLHUPADSHQH	29
A160IV062KLQYO	30
A1687M0OTF9D3U	31
A168EF829CYSCD	32
A16S04WKNCZHJI	33
A16UOU6TQS0ZYZ	34
A16YEMJVPI5LT4	35
A172BIE92MOCJK	36
A17GEYVKW7M1W	37
A17QN4J622LW46	38
A17XRFM18HQMY5	39
A187NC7X2LN0RB	40
A188BR5VIE6L4Y	41
A189R4VCST004J	42
A18QIX5R98Q0D6	43
A190YSZV06NQ2Q	44
A191RVG1AG6WYO	45
A194BS9R1WFN65	46
A19C5WF3QDPSO7	47
A19GD6MCS58PHA	48
A19JAOIGP1S3IW	49
A1A45GRB5FAC2Z	50
A1A6GUZWS248TP	51
A1AKDN4ZLKZFF6	52
A1ASVBNJZVTYKX	53
A1AXBQM2YHKDMB	54
A1B1S4CY2NKHSQ	55
A1BC4FN12C7Y6B	56
A1BLCLTWOR1DFP	57
A1BSNKWRY1S7UX	58
A1BST7G6W508F6	59
A1C4BRJ3UQYW	60
A1C4HGBN0ABBMK	61
A1C6ND2VV6QUBU	62
A1C9RXXYKVZD0Q	63
A1CAQNGGRKXCHB	64
A1CEGGY9UP4XHM	65
A1CELSFO51QFM8	66
A1CHBQHB3WIL6	67
A1CK302HG7JRZ7	68
A1CO2G7NU0WYUU	69
A1DBU1X381Z9UE	70
A1DH6WF095C90P	71
A1E4APV0FVDIH5	72
A1EBTTOQ78561P	73
A1EE6LQS3OPY6R	74
A1EH2OH56YJUQP	75
A1EPABANR2IZJJ	76
A1F3T0OJHZHYL	77
A1F7D876YNJIB3	78
A1FA7UHTINDML	79
A1FK991KA8ZBZD	80
A1FN9LO33IV3F2	81
A1FZ7CL9UCRFWJ	82
A1GCUVKBY11P0U	83
A1GDPTMBF6VYSC	84
A1GJOSO5AL985X	85
A1GR0B9N5DZ2WB	86
A1GVHYZPFR762D	87
A1H3GIGRMYP36O	88
A1HDOWX4PJBFMP	89
A1HG3S2VU22VB9	90
A1HP4ONVN4YX6C	91
A1HZRXQCRG2J5Y	92
A1I9HM06EL42RE	93
A1ICUR573K8WPE	94
A1IH7O6EL7SNBD	95
A1IZMKV7MLLPET	96
A1J9660BEZ2G09	97
A1JEQLCYDU8THX	98
A1JUFVTSUI9HRL	99
A1KAEJ5PVKVZTA	100
A1KBVL5WX6FGBU	101
A1KIS6VPRW7XZL	102
A1KK0JVPNA0DNI	103
A1L89EP7I97YKZ	104
A1LCK0KJ53KC3V	105
A1LS2UXHG1BYRG	106
A1LX607O9PZ8L2	107
A1M6FMGUBQXMFB	108
A1MGZGESA6PYK8	109
A1MJ6LWQSJ5OE4	110
A1MMYU4Q4QBWY7	111
A1MQD86959FHNF	112
A1MXP8SNQTJP79	113
A1N09HTRC3YEYQ	114
A1N3ERI3GL343H	115
A1NCVDFNHQGYYR	116
A1NCVUP51YAAA8	117
A1NNIEPK7S27UQ	118
A1NSQT660RGA6I	119
A1NWQUWPMC20MC	120
A1NYA13G3OTU5D	121
A1O598XYNEECMZ	122
A1OKSDRSOBXEZE	123
A1OTDENSIFBKXE	124
A1P9UMP1XSE6MI	125
A1PBVAS4IQZZ9F	126
A1PEEG5YYW5NCI	127
A1PJ3M9OMIHQSS	128
A1POD4SH35DZ3X	129
A1PULJU98V5M2L	130
A1QH97JK6ZQC2H	131
A1QOM48AWO1X28	132
A1QSLTJVVBV4VA	133
A1QUJTYES8IDZB	134
A1R0Z1AWJ7L9GT	135
A1R8DAY0GBN9NU	136
A1RI9J1DGW8L4	137
A1RTHYMXUUPH99	138
A1RXJD5B0PF3Y1	139
A1RYIGSEAG46U4	140
A1SEMEZOOLQF7J	141
A1SJXR6JDMTX15	142
A1SOKTWG6DJSMV	143
A1SZM8RYMK184U	144
A1T0FBIKWAMRXW	145
A1TBWRXV7KVHPC	146
A1TCJ34VMLY3T8	147
A1TH4YB80V0IC0	148
A1UEOM1WUDOF5J	149
A1UTVAPQQMBVLV	150
A1VBRGK1F1LA5L	151
A1VGJXBXQFEXH	152
A1VQL3LLOS1ZVX	153
A1VTZP0ID66QJ8	154
A1W3SPVN68OXZ5	155
A1W5Z6I2GVI1RD	156
A1W6LE05GO9W6E	157
A1W9KRN8WQ4DUE	158
A1WOMKW94HL9SY	159
A1WQ8IZAE8SXEO	160
A1WRM9JEB86AZ3	161
A1X2NLZDWUR63A	162
A1X8IR1ZE3I77A	163
A1X9RE3J400EBG	164
A1XQ0F01CF84Y3	165
A1XQ2N3WD9DDUJ	166
A1XW6X6C3XW40S	167
A1Y4G6Y554T0BI	168
A1Y6CRKN4XRK4U	169
A1Y7VOD3VUJR1Y	170
A1Y9402VLAU0OM	171
A1YMHDZDZRYL0Q	172
A1YQG9RJN70LK0	173
A1YRC0DIWQP42L	174
A1YYQ63RDM1IDY	175
A1Z9XI85MV7BLO	176
A1ZBWGVDBV8S14	177
A1ZFUVIC4U6BGI	178
A1ZILONLWX15N2	179
A1ZLRRP3YLT0BL	180
A1ZOCNV3CK4DUQ	181
A1ZSPYE6I6O6XW	182
A20AEGSZDMWU7A	183
A20JVK430FJK1Y	184
A20U47H85DG4YU	185
A20XH2UV2HBWZW	186
A20ZWCGXB2J9TO	187
A211205J5J9SZY	188
A213XP9GFAAZX7	189
A2161FSD1VAOYG	190
A21KQL7475TFNW	191
A21SKLDXVEJ89E	192
A21WSE3SJLMIXD	193
A22AWU9NUVE0IZ	194
A22HX99ZGA9NF7	195
A233WTMTW4ON9Q	196
A23MG20JMM5ISZ	197
A24D3WAE2W0PNG	198
A24H1HTQ9YA5KP	199
A24I8KWAQG9G4S	200
A24JZMDV2AJGFP	201
A24NPJ6JSVF73N	202
A25LL3OSC46ROV	203
A25U3NQYHAVCYQ	204
A26KYZ3D2AQ4JL	205
A26PY2RWUJXY18	206
A26TDW4YYRGUV1	207
A276OI0NHBYORX	208
A27HGURKO0AN41	209
A27L2H9YEBOWHT	210
A2814P4P36QHPE	211
A28I8CYQSI01A0	212
A28N8VZZ1EKFDW	213
A28QQ1JP6DT6SF	214
A28SP21NDEQAO4	215
A28VN1TEOFON7F	216
A28VQH018CSNAO	217
A28WA65B0RW25Z	218
A29381YVBY63P5	219
A2942CY3T6EWXU	220
A294WFOP4GFH0K	221
A298WOMP4H5T9Z	222
A29C2DCN2MKUL4	223
A29RP9O56VNMYH	224
A29W9HGZ8B3CXZ	225
A29YCCRUAUI1HU	226
A29Z8NXGXEZ3IY	227
A2AAAA2TR66I85	228
A2AJNROBLIMBFB	229
A2AVYSXICESSTK	230
A2B8F7HK7ZOCAP	231
A2BD4PA680QAY1	232
A2BLOHO8GB7O8E	233
A2BUPFYUOFL8WH	234
A2BVLSQDYFTTQ0	235
A2C6YPYT5QX0LF	236
A2C9XE9I8RSKNX	237
A2CCMNHY4LXNGP	238
A2CKKPVSJ4VN64	239
A2D9J11ABBRCNL	240
A2DB720I9XRX7K	241
A2DEMROKYTYIJ2	242
A2DOZE12S85ALC	243
A2DSUD4EVD9CUI	244
A2DWEUMP892VWN	245
A2DWYIVRS48XK8	246
A2E3R80XMGGYID	247
A2E3UCNYNRNSLJ	248
A2ED0LXM3I85IT	249
A2EQZ4M0K51JNZ	250
A2F3LSQOHYDJT5	251
A2FI9CP6R2K9OC	252
A2FNWI8HV2RZ9O	253
A2FQKIULWYKXAQ	254
A2G0B18CBBV2JQ	255
A2G58MNOF9BONE	256
A2GPSM69VEL2NP	257
A2GSI7159GHY1T	258
A2HDMQXSSL8TE8	259
A2HK9SX7GRT1LN	260
A2HQSUIOPERH0	261
A2I0QZID5TQSLN	262
A2I78PMBI9Y0GD	263
A2I9V9HPJD4WK4	264
A2IB87O1RUT85W	265
A2IBF31N8P9FPJ	266
A2IFOOAY7TJFAV	267
A2IOKMMA3HGLHL	268
A2IWQ9TSRS3PY3	269
A2J1NC721YS9UC	270
A2JBG6MD5Q9DJX	271
A2JJLWP0GNGSL9	272
A2JR4KR84E0AJA	273
A2JWUOKYP41OZQ	274
A2K2YJOO3TMESL	275
A2K52594UUAD4I	276
A2KIVODZRTGY4U	277
A2KVZVNVVZHJLG	278
A2L8H84J5DOZF9	279
A2L9FO5CETKERM	280
A2LDTYS4YLY6V4	281
A2LY4B3VOG7JQC	282
A2M16O583JKSJC	283
A2M926OQF24YSY	284
A2MCIK7M605H91	285
A2MHG3QNBXIQMK	286
A2MON1FVC0RA4W	287
A2NU3BA05436HK	288
A2OR4WQLBEOAD3	289
A2OUYJWL21NNVX	290
A2P1L2KX74VL9B	291
A2P7YSXI060RDO	292
A2P9UP12TOKRUM	293
A2PMXF7O3LQJ5Q	294
A2PNW6QDW8OPY0	295
A2PU9KAGYDFZ02	296
A2QBTQS957UR1A	297
A2QPEPP71FQC4S	298
A2QT53RS60XCF6	299
A2RF836ZH9YY9	300
A2RLM8A48FG1HP	301
A2S8YV63JSMREY	302
A2SI0EBCAU1LX9	303
A2SO80MI0U1JUF	304
A2STPDNR3VV5OD	305
A2SVY939KDBOPD	306
A2T08U2JJCF7Y2	307
A2T5Y8LR73LYSK	308
A2T8UOH3KMI9H8	309
A2T9GUZZS0142P	310
A2TLHMTI0MA1JX	311
A2TPTVKVAKZG61	312
A2TR4VVID1XN4O	313
A2UROPA44E5HZR	314
A2UT3OTL258HZY	315
A2V55F355DDVCG	316
A2V98YBD3SRVG9	317
A2VFEY7LF1P0XC	318
A2VGLTE8SAESO7	319
A2VOJSPZSGU384	320
A2W3J2K2SL0VO2	321
A2WFNI3XHE1XZL	322
A2WNW6VT649UXK	323
A2WOV4CW1HI0EI	324
A2WRJDCLJQEWUT	325
A2WTEV5FT5WVPI	326
A2X3Q1FGXFZH2X	327
A2X99D75EDNZB4	328
A2XQEU59A2IOJ9	329
A2XZRHF1BJXWXI	330
A2Y63YA1FSM3OF	331
A2YPVXPC8OY6KX	332
A2YRZ3FGA1E1HP	333
A2YVWIU1B8HJ8	334
A2YW4IPSEOTQ3Z	335
A2Z11I07JZ2W84	336
A2ZBCQWA3PO430	337
A2ZU2OH94YEYIO	338
A2ZVETF78CVNO2	339
A309PFW8T6DMMZ	340
A30AY10Y0BB4OZ	341
A30BLWIAB1TQQ6	342
A30G8SGUPL9XLE	343
A30IP2BSOF9MDG	344
A30S2XWHFQZ8X0	345
A310FZ1C7DT84S	346
A314ZDGBPS9IEQ	347
A31RVSL3YB7Z1D	348
A31T9SWJSVJMK4	349
A31V1TOBLNV4R9	350
A321BD2L5FTMKM	351
A33A7UGT42OPOF	352
A33BIN0VIKPF3A	353
A33D8AY3ACMBUC	354
A33LP22GV6469L	355
A33OKKQNEQ0Z5R	356
A33W1F4OK4NIAD	357
A3423YQA6BLSTH	358
A347ZIT9W6GPVW	359
A34DFJTWLNONJF	360
A34JA6VX47JLS1	361
A353NM520Q2XIS	362
A35KDEJS9CTM9L	363
A35MDIBPAX9X7U	364
A35Q10UJWLW5XL	365
A35V0LXQ2SA517	366
A35ZERE5P8RVYV	367
A366AF1CQR2SWT	368
A36E1WMU0OLNB9	369
A36TIXHO2Q8F7Z	370
A37BK22O5P7LVI	371
A37GZ3JLCI56E0	372
A37HIU5WT611FB	373
A37MXU73BXGXUL	374
A37SRAMYMCNX2R	375
A383DQQOOVLXN9	376
A38SUFCST0XH95	377
A39DT8S7YZFLCV	378
A39K8ENCMD856X	379
A39PHMBH5ANKZV	380
A39WLAM38IEBWM	381
A39YTNE4NW7O3P	382
A3A0K8N48MBTI	383
A3A56VTDQSWCMA	384
A3A5NPIUSPMKB2	385
A3AI6ZXMS5ND6O	386
A3AKH631PSCOXP	387
A3AQFPQOYKCFGD	388
A3B32BGA1FHFS2	389
A3B70Z6W6QKO13	390
A3BD6CD25PFEHK	391
A3BISZB7NGPNMD	392
A3BSLO11PFZ10W	393
A3BW96QKQ2QC2I	394
A3C0ITW2XGIU1U	395
A3CMIJ9WIJD2TT	396
A3CSITKMYMZIYB	397
A3CVIBTXRKQMUK	398
A3CVPPLPTHUVY9	399
A3DES0CCH5J5BP	400
A3DJE639XTKEH2	401
A3DR35GLSQT78R	402
A3DUZ9XWSFKNTP	403
A3EBLVNEQKJIYQ	404
A3EE7VIKYQCBKM	405
A3EKU31JYEUGZ3	406
A3EN744STRBY1H	407
A3F7M2JW9TZSAV	408
A3F8WW993U36K	409
A3F9V48VCPB9IT	410
A3FMZTOX99VFVZ	411
A3FTYZL6ETSCXW	412
A3GAHLWY8AKXQJ	413
A3GD8UVOYXHOTP	414
A3GRZ39E7XZP0K	415
A3HPWCO03NENL4	416
A3I0V63NFTGYQO	417
A3IX55ZEY9H4MV	418
A3JC2TOA1I00RG	419
A3JJMV43GYYYHQ	420
A3K9R4AXK5O6NS	421
A3KDMCH0B59C5F	422
A3KQHF6FVBG6EZ	423
A3KQQY9BGBWI0W	424
A3L81RZ97BZ6J3	425
A3LMO8GJSDCQVO	426
A3LWIP2I6550TB	427
A3MCY8P29LKSR2	428
A3MK7STMDKQ0TA	429
A3MN5AGMIAQZ7G	430
A3MZELP6F1CJBZ	431
A3N0IN8YPG1KHX	432
A3N33LQIFXG59Q	433
A3N9ND0IMBKA3D	434
A3NBL1LVUAGU2	435
A3NCJ2NI2KCRFD	436
A3NGEB300KDPLB	437
A3NQFZIPITICVV	438
A3NWBQRD6N7N5D	439
A3NX9NSH4ISLKF	440
A3O2PVY41N6NBV	441
A3OML05ASX0JZP	442
A3OTD14Y0ZBQJW	443
A3POCKDEA8122I	444
A3PYRWI0HV0YFP	445
A3QFIUFMVNX74B	446
A3QL0T49TO7AUZ	447
A3QQPNJCLW6ROA	448
A3RGN75LHYAG8U	449
A3RI6OKKZO898K	450
A3RNDRH50R47CZ	451
A3RPIWCD656PMH	452
A3RWZUL1CNPPTA	453
A3RZ1O6BQAOR5K	454
A3S3ZPTHIXZKGI	455
A3S91X4GWOXKIG	456
A3SI3NULUCGMN9	457
A3T1YF0WD4ENNW	458
A3TEFEAZAB6VDG	459
A3TI5J0Q90AKJW	460
A3TOAOWG9KDSFG	461
A3TOW6QO5AP4W0	462
A3TSV43F2VDOTU	463
A3UKDS0JCJ68Y	464
A3UKLD5P7TZ6CM	465
A3UORBSIKQ56ZB	466
A3URUJJ1L0E6SU	467
A3US9GO3CJDEUK	468
A3UTQ406O3K3R6	469
A3V4YX43DMM1RV	470
A3VAVLIQI2WWL6	471
A3VM2ES3OI971U	472
A3VMY92HE0B97V	473
A3VR9XQZEPB06	474
A3VUU7SG6VBZ4M	475
A3VV44OG1NFTG7	476
A3VYEZB2NO87M	477
A3WB83075IJJY	478
A4580VMP00LVN	479
A585E57B94ILE	480
A5ISC38OZPPDW	481
A5NZNYDKTYLSJ	482
A5ROX0BNNF9N8	483
A5TGLWEDF4IXV	484
A5VIUDQPD7VOX	485
A5YRTYTYVNMM	486
A6G59K3P5HVE9	487
A6V22MM4OWQBE	488
A7DYBDGVB2LC4	489
A7FQXIT7BF1EX	490
A7K0LEON3MNE7	491
A805LMHV9G3N3	492
A8710RWTFG3IY	493
A8PP8NPRJSAKO	494
A94GVM3LPHNYZ	495
A95LZSZJKESS0	496
A992QN7G02R33	497
A9UE7EOHSVY2M	498
AA38EUMBOETZS	499
AA96HGH5YXWE8	500
AAITBIYXPQ6YF	501
AAN4GV4JMU734	502
AAWIWNDQW91OK	503
AAYT7W0ZJBYJ9	504
AAZQVSDL9W5U1	505
AB8EBHX4P2UQ8	506
ABD0XOLY5X73S	507
ABIYKCO91GRZP	508
ABLIZ61O3U90T	509
ABNOG33T83B9H	510
AD4YO12TO5GG9	511
AD9DYEZBHRR3G	512
ADE3XX3BU566R	513
ADIMZDAWIZ1UO	514
ADWEEHSHHF063	515
ADX9AIXY7C0I5	516
AE2HQM877MBUV	517
AE84L6RPHGE1T	518
AEFITEFFACQ1V	519
AEK56C0U6O7P5	520
AEM192DI1VDJO	521
AF8SREA2XE7BJ	522
AFAW7I6VTACJ5	523
AFHXK50M2LZD4	524
AG0OMSXF8BHAF	525
AG95JYN32YTT7	526
AGA2CIGN20B2M	527
AGEPHL2A4JK8V	528
AH80IKLY4XOE0	529
AHEJ646RCVE3K	530
AHTPZ23R5ESVR	531
AI1P2X9WV9ERN	532
AI5SJ7M73UL7M	533
AIDX2MKIIF2OO	534
AIPJFP5G17SMU	535
AITIRR98NIZ2D	536
AJ2FDNZ3COBFN	537
AK2BYH1H5UUM1	538
AK2JWCPTWRB8W	539
AK4JGY769E6E	540
AKCUY18BL2RZH	541
AKIN43MKZJRR0	542
AKQPPKQS9YQW9	543
AKSI38PUNS6OP	544
ALCPGPP1PT1T2	545
ALCQX9R86BC7J	546
ALDB32UJFPJ4L	547
ALJNERRTN3RA5	548
ALQ3CO9PNNXAA	549
ALUUFD1P2VZEQ	550
ALZNT57WHMMJP	551
AM29FF4K9EKVN	552
AM2MQMWANZ9AX	553
AM2WIWR7SZ3KL	554
AM9BDLS8XBY9W	555
AMT29JS8W10YW	556
AN0NL8U1I4929	557
AN18NI7B7K7XO	558
ANA8T2MZX2A24	559
ANQLAXTCTV4EP	560
AO2S7KUBDON0I	561
AOAI6EC9A7HN8	562
AOB5DWU54V3TS	563
AOBNFGZ4Y4CAQ	564
AOQYU006SUWGA	565
AP1DPSWR6L041	566
AP1IQ8PYS5YHB	567
AP7ZTCSJ6TNCQ	568
APERJHBEYJ4SK	569
APL32S06CLWU3	570
APLG8LA0UV4IT	571
APX564RKWU13T	572
AQ3YSF85S12R3	573
AQBXX37V6KW9E	574
AQH7AXVQ3U6JZ	575
AQMPJA75J8WWV	576
AQXPNY099MIXM	577
AR9PYSGCC4A0C	578
ARBEM6L63UFMQ	579
ARSZW27UETJAY	580
ASE1ZWX3LN2QW	581
ASM0DNKZ122VE	582
AT2C2LE4LBLHF	583
ATFKJLL0D641Z	584
AU52ECKTZG49O	585
AUAMQCYM2S7KT	586
AV3AUFSA1DXVZ	587
AV53F95L890PI	588
AV5G8HOLTQIE	589
AV6M245MSKZ2S	590
AV9ZMMMUL4UWX	591
AVGGNSSM4M9K	592
AVZBK78Q39LXT	593
AW62FSTEWAIX5	594
AW8WGWRGR3LOT	595
AWAFI39L0EMRM	596
AWLRK9A9L8RZG	597
AWQEPVMNYXZ28	598
AX3NM18HYF4DV	599
AXFCSBNQJU892	600
AXXVWNE2G8LHU	601
AYCNM24P6SZOQ	602
AYH2BM2M6VSMP	603
AYMRFCYR6Z8L9	604
AZHDX4HYEHN60	605
