A01103631SAT3BPLD52LV	0
A0182108CPDLPRCXQUZQ	1
A09735703SKS707SHBB2L	2
A101JWI7HNCKGB	3
A101QWW7PVEL5I	4
A103446133R7AD81RU69A	5
A108C8IUO8ZBXB	6
A10C9UZG5EEKDG	7
A10CRW7XRJBJ2G	8
A10KDDDYXP7DMW	9
A10LNISE25PI7W	10
A10VVD2S6W6ICO	11
A1103HJQTANPR	12
A110M2KRZB0IS3	13
A11FW5TMTDTQO4	14
A11L1DTOFL5TZL	15
A11NGSDBP1K4UN	16
A11PP1USVE5ZQS	17
A11Q7PYQ87R5Y2	18
A11RR1PETS0P5C	19
A11WWIR0L443W8	20
A12257ZCQ8TLCQ	21
A125TTAOD0TXUR	22
A1279UERKF6H33	23
A128NXZCIM5LLC	24
A1294HX1Q9ITHL	25
A12CD3HAKDTRBU	26
A12JBB1GI3B5IK	27
A12JJFPQZ480EJ	28
A12KG1WB97PFC7	29
A12NFYW0VMFMF	30
A12RB72IV1BAZB	31
A136V7GU67S2P	32
A13A1QD0I3G7PS	33
A13CHYH1CGJ0T4	34
A13CIKH3UXEKTP	35
A13G1TKIKHGV3F	36
A13GZJFMDL3N6Q	37
A13QOK3SKIT9QL	38
A14211TH70MLQ	39
A1430IT4XVIZ37	40
A14A4K11Q8V8S7	41
A14B4MJ7KZE63B	42
A14EBMUAE37GZU	43
A14HFTOZGKCFJQ	44
A14IPSG83CU3TY	45
A14JS60X130HW7	46
A14O9HDLJRCRCU	47
A14OVLX8N2ISDC	48
A14U10BMSG43IY	49
A14Z8TV56K9182	50
A150V36Q39CNU2	51
A150YGMFVCMQE7	52
A154LF7THOX5E2	53
A158H898196WGX	54
A15DGG4GJ1WO74	55
A15DLHUPADSHQH	56
A15MNSG479AU4S	57
A15NPHT6V8PSGG	58
A15RL5IYZ0536U	59
A15SIK2U4V8TNX	60
A15V7O0VPMZZLF	61
A161FORKVZ972Z	62
A168JXKBYYAYMO	63
A16AVTJNY00O9O	64
A16B30F0XYON7S	65
A16D8S57AXKAAE	66
A16GFPNVF4Y816	67
A16J0ZE2YY07Q6	68
A16RP6YW5U75EX	69
A174HNP78HTXWK	70
A179INDOUL5QY3	71
A179UUHEITHN2L	72
A179W82ZRC7D6T	73
A17ERTQDKMCHD1	74
A17NX7T7DW6KL2	75
A17O9AHKHK66AI	76
A17RCXXL4169ZS	77
A17TNK9SYQXZFN	78
A17UUH3DWQE4SQ	79
A182G6ILJ2IX1U	80
A184NUTSJ5VCOZ	81
A185IYTJ0C2HS0	82
A1893YSU7AX0FE	83
A18BXUTQA50LG6	84
A18FDJ9Q9II2BY	85
A18P98QS2M3K6Z	86
A18SGXQ2DJ3CZO	87
A18WKEP1NZZN68	88
A193LFS3KA08CC	89
A193XO5VWI63JC	90
A194VNSXOP8G4W	91
A19H2QSSZEZDND	92
A19L70VWX05QH4	93
A19QM3NOXG22ES	94
A19XNAQ2TG01QW	95
A1A92JHE7TMHDD	96
A1AA62JAHGF2TR	97
A1AMRAAFW8QBYF	98
A1AMXJHSFWUTNB	99
A1AOMTP8YKG9OX	100
A1AQB6UKM572FP	101
A1ASKDF67QK4JY	102
A1AUXY9TE0KQKT	103
A1B241TNP9UCPS	104
A1B3Y07KAIN97T	105
A1BA5TYY7QSZVV	106
A1BCBWJBXK6QN9	107
A1BDMSNJVHCS8W	108
A1BDNEV1JXMSAM	109
A1BED9FEZK80FP	110
A1BESDGKXHURIB	111
A1BFYSPSU0F8L7	112
A1BT9SD02Q6DO7	113
A1BVQ201AXTQK7	114
A1BY56HZFMW3S5	115
A1C47EO3P9UKXJ	116
A1C9RXXYKVZD0Q	117
A1CA4C0PPTHVWU	118
A1CANGVKCCXCHG	119
A1CF07GVVGTIXL	120
A1CI6B8F98QSU8	121
A1CKCGZIHFBUR1	122
A1CO2G7NU0WYUU	123
A1CPWYYIHDH2JM	124
A1CSD31W1OTDF	125
A1D3WNOI9XYJZX	126
A1D54LVLKMXOQ6	127
A1D7A6K94CWAXC	128
A1D8KV88A3D7IZ	129
A1DD9MSMEKYOVW	130
A1DE59A1A0802B	131
A1DFFPEP72TV5I	132
A1DFHOFNREVAKF	133
A1DG4IURS9GY9Y	134
A1DGZ49Y1BYJPM	135
A1DH93XJGWKR4G	136
A1DHKKNNW6H783	137
A1DI7UZFPO5YJZ	138
A1DKN11H3AEYPF	139
A1DMBGPTLSIXNH	140
A1DNMG6LAX4TGT	141
A1DPI29V1065L9	142
A1DWLFCCOKUTWF	143
A1DX267LO3U577	144
A1DXBLXH7WYZ08	145
A1DZUU04P0L2ZU	146
A1E1OXZ26E2S9	147
A1E2YF2GUB64NT	148
A1E5WIZS7WPU84	149
A1E80M6BKJSMRG	150
A1EANW2H1GPTL7	151
A1EEP3K36H5P2T	152
A1EGJ0J8YKWK9C	153
A1EH1U5X5KDX7Y	154
A1EHW21I4LJXVJ	155
A1EI4OEBW44RW3	156
A1EIGDJKWQBAWO	157
A1EJ79Q0TVR2NJ	158
A1EMCWEKP4Z8H1	159
A1ESSN3AWYWUTL	160
A1F5H0JZUN2E44	161
A1F7YU6O5RU432	162
A1F8TF911XVK4Q	163
A1F9OM0UMBBQ8	164
A1FDRF4X6XK7YB	165
A1FJ8B226A08C6	166
A1FKEBK0JW5H54	167
A1FKFGV1GY1A7P	168
A1FONABFD6MAZB	169
A1FPAOHOPTWIV4	170
A1FPF36OXHS5ET	171
A1FRIBXUEIRNQ3	172
A1FUIG2K1XRN05	173
A1FV2J2RVHWSQT	174
A1G58WN1B7NL34	175
A1G60ANYI0HMEU	176
A1G92G13G6UXUJ	177
A1GCCGKRNHEAVO	178
A1GDGX206VQVP4	179
A1GL60MNHEIQO9	180
A1GMJ9NVQZL9C	181
A1GP45YA1AM4ND	182
A1GPZFUAZ245XF	183
A1GRXDX8NKCROP	184
A1GS9JE88E6JJS	185
A1GW9N6B4UUM4V	186
A1GWG83O0FNB1T	187
A1GZSB8LQKN0EA	188
A1H0ZBXVRMOEMK	189
A1H2ZJB0SS9NKP	190
A1H65A7QVELOHW	191
A1H9GIT8P45720	192
A1HF7HD4IO7ZJI	193
A1HG89CGT7YODD	194
A1HLWNVF2FZ2ZS	195
A1HNXVJFCGIDZ5	196
A1HPF5PWDPK3HY	197
A1HXTROSMH9HY8	198
A1I3OO4P1837LU	199
A1I3YRDF1U8VQP	200
A1I67MCBW5LTT2	201
A1I6C5L79Q8FAN	202
A1I86DA2Y4FWZ5	203
A1IAYAFKVYM22P	204
A1IEQH75LCDIR3	205
A1II2ZRPKZAQQD	206
A1INDV7KSLLLQM	207
A1IOJ3D38A6VK2	208
A1IR9EK7Q3DFFF	209
A1ISRJQFO8L8O0	210
A1IYXFFHCIVZMQ	211
A1J2SJ9HU8TM9V	212
A1J69LEYRDV71O	213
A1J8RES0AXF710	214
A1J9EH7FU0XHSG	215
A1J9O4N3J3Q3H0	216
A1JAI7H7VEOOVA	217
A1JAKDO9TM778T	218
A1JC0BR1N8ZFSU	219
A1JCAQCJ04ARVG	220
A1JIAB44UUHFAQ	221
A1JJ489MVMW8L4	222
A1JL1E8PTN7MGN	223
A1JNBBYWOW60VA	224
A1JPHA7OWQLSFZ	225
A1JWCMWSKDDQC4	226
A1JWPYASI5LUO3	227
A1K53QGOP7B8JL	228
A1K5E29U92JROH	229
A1K8LQUR87VQXJ	230
A1KA35594R3N1O	231
A1KAGORH69X11B	232
A1KGCH50H9NB68	233
A1KOT8QF046CCQ	234
A1KRQ6J52OBMT0	235
A1KTONH2QMMZ59	236
A1KTUN83EOUTGU	237
A1L0DYR9B99JP2	238
A1L1GUHWFV7CCW	239
A1L6PD52EJ98IK	240
A1LAA06GMFCFWI	241
A1LADGT2U7CUB	242
A1LBGLWY3KGGWS	243
A1LC6FNKWZHX1Q	244
A1LG428UJANNJI	245
A1LHOKYENR7HP2	246
A1LI2ATMNI61I9	247
A1LPLBGRQNOM6Q	248
A1LRPX4M0TKOVD	249
A1LT4CUXO98IAR	250
A1LV4X35A6G5I6	251
A1LZQMF73C3QCG	252
A1M2EEZ7HGKYU3	253
A1M4O0PAANAGHG	254
A1M5SUQNL2XF12	255
A1M7FBQNALQ7V6	256
A1MAPGHSMMNCHJ	257
A1MBWQ9UW8276V	258
A1ME93M6YB04SX	259
A1MJN9LL84XRDP	260
A1MLBMJSFK6BIJ	261
A1MR3RMHC0XIHR	262
A1MZ56NJSGJPIR	263
A1N06EKVN7PP5Z	264
A1N35HD1AGK38S	265
A1N6OUHL1R2KEE	266
A1NA5HLVEYW8RL	267
A1NAYFFGQTM4VX	268
A1NJ9OSQZOZB02	269
A1NKSQYLEPQIT2	270
A1NVRODFNKGAFH	271
A1NW988KOV6J2U	272
A1NWQUWPMC20MC	273
A1O1WJUIXF47LC	274
A1O3A6GS1L73FS	275
A1O7GS4P9Y12GO	276
A1OB72RZF7SLQ4	277
A1OGUSVDTTWLS9	278
A1OJ7HN4388XBZ	279
A1OS4KPCCWY936	280
A1OT94UCTXG9UH	281
A1OVKNWPD5UXQU	282
A1OXB70YIFU89C	283
A1P6C8KO9IU4OI	284
A1P8STS1S97WT9	285
A1P9UMP1XSE6MI	286
A1PG435Y5N274B	287
A1PGIAOUH0RI8Z	288
A1PL4YPFM40CN0	289
A1POFVVXUZR3IQ	290
A1Q0G8E5UDBAIJ	291
A1Q20SCKBRWNZ	292
A1Q3MDPIS017JE	293
A1Q3QTGINTGF87	294
A1Q6BKOJ230RM6	295
A1Q7GHZBBMFPHQ	296
A1Q8KRGN5G048F	297
A1Q8T2H13KQ435	298
A1Q9A4V6Z1EIHZ	299
A1Q9UVHD2PGCVU	300
A1QGN1MJB76GX2	301
A1QPMYWGQH0TRS	302
A1QT59E0CX088V	303
A1QTGRW36WIA01	304
A1QU6YKZA1BW7F	305
A1QV0GHM3087JY	306
A1QWF7HP0AGB6N	307
A1R3B9ONNDC6E3	308
A1R4BQPZXMZ9NG	309
A1R8DAY0GBN9NU	310
A1R9U2OOP95CQY	311
A1RD21I3BEHAQU	312
A1REJLZGOVCH0P	313
A1RF0XZ9SOFQXQ	314
A1RLQXYNCMWRWN	315
A1RM4XQS6M0TA5	316
A1RNR5EYT0314N	317
A1RQA300MOSSM7	318
A1RZXDZ3BYFG83	319
A1S02KUAI2WN58	320
A1S1CPDP39WL3G	321
A1S2TIL553LAE3	322
A1S5251XGPBIVN	323
A1S590BOOMF7MR	324
A1SBT9D41NP4W7	325
A1SLR8CWYM3QTT	326
A1SUVINESIDKVR	327
A1SV8MG9EESQEU	328
A1SZHMRMYR5Z4Y	329
A1T02GVM1RLT3W	330
A1T2GT0H5N187N	331
A1T391ALO45YNA	332
A1T3JEL307IV9X	333
A1T64JWXEI4BD6	334
A1TB32FYIQ5ARV	335
A1TC3Z9S5LK4C1	336
A1TCXSRHE8IICW	337
A1TDQE1779XSEO	338
A1TG3N9LX94O9G	339
A1THL2YEECQPF7	340
A1TKNVUVJ8I8KW	341
A1TMN6UCC0XLZF	342
A1TPBBYCYETMAI	343
A1TQA6YZYQVJBC	344
A1U5L64Z9AZARK	345
A1U7X676VKNKKG	346
A1UKWQOJFXAWJ5	347
A1UMN556PVE5ZJ	348
A1UOENCQB7EJNU	349
A1UP5CIELABXA7	350
A1UQYXX3UZMH89	351
A1USFM19OHUXHI	352
A1USX5A48EATR4	353
A1UWDBC94VG8CJ	354
A1VEUAH6RYUD9D	355
A1VF0KDQMW5S4I	356
A1VM0DU10K0DE6	357
A1VMMMFNAMF87S	358
A1VT4BAXU8WTRB	359
A1VTBCCHZGAGEJ	360
A1VTCSCH8FFC76	361
A1VUQLN2E3K1YR	362
A1W0QRJIO690AT	363
A1W1L7ZBQ8GJRF	364
A1W2DKEAR4GC7P	365
A1W460MD9SJ40C	366
A1W4UVADQ8F205	367
A1W8XTPJ04ZR7L	368
A1WMDGXKYWP0CR	369
A1WZW62Y25EEC	370
A1XCHPGO8F0U7I	371
A1XE9MJFCU3AU6	372
A1XHIDBSE2KRKI	373
A1XIHSYCXMQCSI	374
A1XM64QY9AF7T4	375
A1XMLDELA2WROU	376
A1XNZK413CRBSQ	377
A1XT9EPFHOI349	378
A1XTLG2WTZV858	379
A1Y09QLADQYQJG	380
A1Y0IW3RYX3SWE	381
A1Y4IICV7LIWDF	382
A1Y4LW3U3U73EP	383
A1Y6NRMGPR2TBO	384
A1Y8VJRLT7KAFO	385
A1YAZQXP7A7ULK	386
A1YDU9PSZEKDDV	387
A1YGF6C1I3QA4G	388
A1YHYM94MQIYXD	389
A1YKSRXHPOXTIF	390
A1YOAHJAQ3KNDZ	391
A1YXNSAWL4ZUUI	392
A1Z0GKXEGS5NK	393
A1Z4LX3Q1YMF84	394
A1Z54EM24Y40LL	395
A1Z5RFY5AYTSP9	396
A1Z9XI85MV7BLO	397
A1ZE56EBLYAKBL	398
A1ZGN6SGY928PY	399
A1ZI1MMI8PXU1D	400
A1ZLCC118MDCE	401
A1ZUP7DY7APEW9	402
A1ZWSK60V0RVZF	403
A1ZYRY92VJ361X	404
A208Y1ZPM9OUNF	405
A20CCVJU2RD853	406
A20D2ZFUVB06QI	407
A20DJZXSRMYNJ1	408
A20E0NAAQPIBJF	409
A20FJ54Z8ROUH4	410
A20NL7QAHXDCU5	411
A20PYZ43JTV8NQ	412
A20U6VK8RTVZCZ	413
A20WGZMV03N9C0	414
A20WMVSZP1S63A	415
A211DW4QM6XBA5	416
A212JLXYATFWKO	417
A213BBCCWAQ5I3	418
A2161FSD1VAOYG	419
A216RJ0L6BLPS6	420
A219N9MB3EDWKE	421
A21CI6FN6Y7WNB	422
A21MTUU5XG4D6Q	423
A21R8JYHVCJOV5	424
A21SIF0CLJDO9U	425
A21ZNZ0VDW3Y0Y	426
A2208LGVJDJDTC	427
A225L8NTXN221E	428
A225M3GAYN01IG	429
A22CW0ZHY3NJH8	430
A22HX99ZGA9NF7	431
A22IWP9IKLOPDO	432
A22KER7G5TKYL9	433
A22RCDT6WF7GBZ	434
A22RS8HDHOW7Z0	435
A22V6WDV5YMSXU	436
A22X5YBF3DBQOA	437
A22ZJJLVTUXE3X	438
A231YH5EZQJH5H	439
A23GX78LIV4J2F	440
A23MN2IWVDF8KB	441
A24AVH6Y1P8Y66	442
A24D3WAE2W0PNG	443
A24ILYO1VMCZ4U	444
A24J5SATTU8KQH	445
A24JOBVN4UM66T	446
A24KCU50MRP9BO	447
A24N31BU7GPKIP	448
A24QYJ9H28NEML	449
A24WKOS7B5SLVA	450
A24ZIYKYBXHA87	451
A255KF7U8XN3T0	452
A259U7E2COXEE0	453
A25HSNH7BP36JZ	454
A25L4C2DUZNGMV	455
A25NM5WSYN65LQ	456
A25T5X5ZV6OVWF	457
A25TCGBDT0N5AL	458
A25XF7KTTOKS3L	459
A25XNXD367Q4K3	460
A25XQLJGGA4EWP	461
A263R480TEV86D	462
A264XUQY755NPT	463
A265B07HJ93QNN	464
A265B1IZE5RVG6	465
A268SGYAWBGUZR	466
A26IAWIOK1ZIII	467
A26JFU6PZOCGQS	468
A26N7O1Z9ZTSXM	469
A26NJF0BA9DWT9	470
A26NMR5AI4B2QP	471
A26PQWNHILNYQP	472
A26R2JYR267PA7	473
A26WHR1IP0A250	474
A26ZCSSGBRHA3I	475
A270X1IIMTWFZU	476
A27397J8P8FKXS	477
A273QY96ZJHQRI	478
A274100CHPKHD7	479
A276OI0NHBYORX	480
A276RHM6BBPDTY	481
A278544YHUSEZO	482
A27CXX3I8GRY42	483
A27E8ER7WCLUQ3	484
A27EDFQC5LDMW	485
A27NJBS3AKU18M	486
A27ORM1APSW49Z	487
A27ULPK1RGCNU6	488
A27Y1IMZUDW7QH	489
A2812E6Y8NOHFR	490
A2814P4P36QHPE	491
A283Z4TVUJOQ1Q	492
A287XY94U7JDM8	493
A28AEPM353IMYK	494
A28GNSM4YW1EYK	495
A28HHVXO5ID5WK	496
A28IXGD6SD9ZK9	497
A28KKQBOTMJNKE	498
A28N27RW05LCDQ	499
A28O0ED194E43N	500
A28VN1TEOFON7F	501
A28Y4S9YTJ5DIY	502
A28ZGKU8IA9UDZ	503
A29ALH6OZVKWKC	504
A29BPMJI0ZYH4H	505
A29CEI6U2BLLCK	506
A29GC482UVK668	507
A29GK1C2HF5N51	508
A29JZ68RPB0GI5	509
A29M7W0UQ9JYCK	510
A29OGI7YPCFUV8	511
A29TWCGQTM516J	512
A29YCCRUAUI1HU	513
A29YKXBDYVR601	514
A29YOAYALEZF1D	515
A2A07KXBZGDFWQ	516
A2A29J7OPURW0J	517
A2A4JX4VK40HWI	518
A2A8JTMILJ5FQH	519
A2AA8KC42JLO5G	520
A2AAAA2TR66I85	521
A2ACUPT3T11YKI	522
A2AENSBQQATOQC	523
A2AFOPNW2ZG12H	524
A2ALSHAS2D15HN	525
A2AMRY5HTD7YZE	526
A2AO9GGMG6BXPF	527
A2AOBQY2AP0RW9	528
A2AS1OV35T7DQC	529
A2AXUXCIT8IRBT	530
A2AYQ7U188FCFF	531
A2AYXQBB8A7NSP	532
A2B7RR5H4JBN0F	533
A2BEHAO6HI8ZT9	534
A2BEHCQKLIHK78	535
A2BHK9O173K52M	536
A2BJHBKVBTEAHS	537
A2BQ7OEA3QG0B5	538
A2BQHIMR4DAKPS	539
A2BUPFYUOFL8WH	540
A2BVRTOS8B6K3	541
A2BVTV1YJ7D0GM	542
A2BY0R17DVAR62	543
A2BZF74G42WOHK	544
A2C0KQLB84PQGG	545
A2C652Z72ZMFG5	546
A2C7FM2A2ZCPAP	547
A2CBJ6SXB160SO	548
A2CC5P1I8AKLRT	549
A2CDDKORD3XRBJ	550
A2CDFO7IV25UC7	551
A2CFA2HABDD3N6	552
A2CNQFM1LQ6BVY	553
A2CPFR188RWOUD	554
A2CV9RK6P9IY0	555
A2CWFAGFUOKE59	556
A2D1AEM4UYUQ5R	557
A2D6Q8USRXIJAC	558
A2D81IOWXGD3AW	559
A2D983NNZE0LFQ	560
A2DBCSLGNFGBE	561
A2DDBLZ7TFYSO3	562
A2DDD5WFVHVB8P	563
A2DHBOLCVKTKNU	564
A2DP64I3MMQWC4	565
A2E3R80XMGGYID	566
A2E430JPMW3IBH	567
A2E7QKLDJD7TY8	568
A2EAV97W7YGDJ1	569
A2EB3SWDXVU48R	570
A2ESJQ7I4S7ZUJ	571
A2ET2ZR68JMMN7	572
A2ETBGX8QI5MHP	573
A2EU2P3XVM91A5	574
A2EX6TGBT1QNGA	575
A2EY27ZXAXAIA8	576
A2EYV82W0S7JSK	577
A2EZTSAMBDGIB5	578
A2F04CXDQV30VR	579
A2F4H5QWBBWXCN	580
A2F7XXE784K7VE	581
A2FDGCKOWQBSGT	582
A2FF1R5VPUVTLE	583
A2FGNDZXA6YD4D	584
A2FIELE6CPQCT5	585
A2FK1WWWQN5GVY	586
A2FN4ABZQRR9GE	587
A2FO56R8IVYBXM	588
A2FP77TBO4YI8C	589
A2FQHUUZFU8I2J	590
A2FTKH64RSC075	591
A2FV7AL35XJCRL	592
A2FW841SD10WO1	593
A2FXA2JIBT7ZUL	594
A2G1GT886K446D	595
A2G2OIDXVRSOA0	596
A2G4YWFSXLYSHR	597
A2G5NSIBZ4YST5	598
A2G8CLS6JZ1C27	599
A2GBND1BNZM7KO	600
A2GKJ79Z9TCD9L	601
A2GPSM69VEL2NP	602
A2H26O4YQFJY35	603
A2H9PP1PX1E474	604
A2HA2617RBBNWV	605
A2HDQWYQSZQ6GB	606
A2HKAIPTUBWNEN	607
A2HOI4JAQDNPS	608
A2HRREF9F8X6KP	609
A2HT5G3JJ10WM9	610
A2HTAWSZI9T2JO	611
A2HVY2VBR5IY6O	612
A2HWFDL16GO29P	613
A2I6FFCUE6KID9	614
A2I7GF1N6X45YZ	615
A2IBRTI9KWYQQX	616
A2IEM08K7DXY8M	617
A2IKTET602CILX	618
A2IO0XOV8A9I0D	619
A2IQVR0MNZ0WYV	620
A2ISDUV1M3XZ2O	621
A2ITUO92H98DC8	622
A2IUAT0NF7OVTC	623
A2IUQ50FZRFQEQ	624
A2IVBXD15JUE0P	625
A2J1NC721YS9UC	626
A2J64ACNT1PTIJ	627
A2JAI90R327FJL	628
A2JAJ343FK1P5F	629
A2JBZOWHL6V8YK	630
A2JCRUBRDNQQYO	631
A2JF3FZZ3PN5DK	632
A2JI3ASA64PRAG	633
A2JOO7YH2PFBG6	634
A2JROMDHVIUSKB	635
A2JTBADX7PMP3L	636
A2JUEKTHNF7Y7Q	637
A2JWC1I0MAPIU6	638
A2JYVHK1WYOKUZ	639
A2K2424WQE0T1D	640
A2KK3KCSA118PF	641
A2KMHBURJQR6IN	642
A2KU03VFQC2KLI	643
A2KVVKM0J3H9RD	644
A2KWLOBY7GABA0	645
A2L33L3AJ5YDOZ	646
A2L8N9IV3FJ7PA	647
A2L9T85BSSH8NO	648
A2LAS014NSRW72	649
A2LER8S3UAHQDZ	650
A2LHZRF4LL2B5K	651
A2LKMKCQDVUVT5	652
A2LO6KAS3R8ESH	653
A2LTTDNALI5484	654
A2LV14P5COB2O6	655
A2LVYIO2XB7MXH	656
A2LX85V0TVHUQK	657
A2LXAMFAGAQIFF	658
A2M2APVYIB2U6K	659
A2M3RZJRHWBKWY	660
A2MAE46YPTJJ0I	661
A2MGBR88IHNASI	662
A2MIM5NGCB0SMG	663
A2MK5KRMGJYOBV	664
A2MOC1BBYEG8B	665
A2MP25A1IBO2SC	666
A2MXEAOG7S0CDV	667
A2MYAR7ODLS3NQ	668
A2N4HN48AQDG6E	669
A2N5791REVOX5G	670
A2N7FU90NRINPQ	671
A2NBRQWA4ZR3C0	672
A2NDF0VSADXXLT	673
A2NE3QIN3QH1BT	674
A2NYW6LKU6QNOF	675
A2O155EQ1EU9G4	676
A2O2822VQN2HFG	677
A2O35ES6WSV2Z2	678
A2O3GLW7K6PW48	679
A2O5IRE90KJQKH	680
A2O9CRAKMB1R2V	681
A2OCUXZLQCAUHW	682
A2OGQH9KQJOX4	683
A2OKNQWLFBOGMM	684
A2OMCA6N50QGUY	685
A2P36CO4M8L19L	686
A2P3DONT5F5KNC	687
A2P4EP999JP7AH	688
A2P53J3PA5TH2O	689
A2P6S3T8AU68J7	690
A2P86DEND7WJG0	691
A2P9B871GJO9B3	692
A2PGZO04SKRLI1	693
A2PKQ8EA8Z0194	694
A2PMBY3Q7AZECH	695
A2PP82IPLP23SA	696
A2PWOJ24VCHO5V	697
A2PXVMF9DH8NDZ	698
A2PZ6X5Q285RKA	699
A2PZU03YP8M1UC	700
A2Q3LAZ703YWWF	701
A2Q3WSU5PS2MZO	702
A2QBYH2IR46YUP	703
A2QE9BYN1HWI89	704
A2QKQGCSPCUN8	705
A2QKXW3LDQ66P5	706
A2QM2RRFYX0TOD	707
A2QMQ0OQMVDOCY	708
A2QPY7AWL38XY8	709
A2QS6HJTEXVZ51	710
A2QWZGPVC02VX9	711
A2QYQGXFJ00PTC	712
A2R4NTR21UXBC0	713
A2R9JUBKP9QU79	714
A2R9Q73B7JDF51	715
A2RCM2B4NQDII0	716
A2RDJXZ2GRQZMC	717
A2RF836ZH9YY9	718
A2RGT7IKB4PMOI	719
A2RM5ZSZJQL7WY	720
A2RNXSQKBSDOHV	721
A2RYXD8938W0PD	722
A2S2PW6ESHF2H5	723
A2S4K12ZRWAEJR	724
A2S6QCNNN8AK91	725
A2S8TS1ZHTH61M	726
A2S91L57H81THL	727
A2SDI48I98LSOK	728
A2SE5EJ7B6Z8NP	729
A2SHAOD23QT751	730
A2SLR2VUDUGCQM	731
A2SMQOZTGNEJRE	732
A2SO80MI0U1JUF	733
A2SVN8PUPHBTKG	734
A2SVSDKNY16FH	735
A2SX7X8QGQVCJU	736
A2T1OBKAKX896T	737
A2T29P7V8F9FT8	738
A2T44XW4KJ4P8Q	739
A2T4VIK4JO0XKS	740
A2TCTOR9X6KWP5	741
A2TIKWPDTKVLGP	742
A2TSBI1QG6JQ9W	743
A2TUBMM66F2842	744
A2TY9KJ0B5LI0P	745
A2U65XOK057RNL	746
A2UGSSW5BH8YEU	747
A2UJBADKUG36G5	748
A2UJLU4U9VLJUD	749
A2UKQN6DHL8E1W	750
A2URJVGVIBWGMI	751
A2UU74BSAJ0WE7	752
A2UXW17JSNXUN4	753
A2V1BBVM1RLVIJ	754
A2V323OPZXR0IV	755
A2V3HYAS16V30T	756
A2V5C2L3EDQ93C	757
A2V99PY30Y3RLP	758
A2V9VS4VWCSCNK	759
A2VFEY7LF1P0XC	760
A2VGSERYPBGHLV	761
A2VI526U0XLTBR	762
A2VLRNEWFERGLC	763
A2VOA53Q9I6BE4	764
A2VOWJHVMUOE4U	765
A2VU0H62M4UW9V	766
A2VXUYS03LKRUS	767
A2VYWAX608EC7R	768
A2VZD7NYA2G3E9	769
A2W0AJD1QWP1H4	770
A2W188L2F23EAV	771
A2WATSDS92PFDT	772
A2WAWFYW5O7J5V	773
A2WIUCHTOSY1SE	774
A2WL7J99T2XS4D	775
A2WN7Y3XOJYBUH	776
A2WP7PEH2MU30L	777
A2WS8FM02592VE	778
A2WX88D0AZV8TA	779
A2WYL4BYHRMEHV	780
A2X11U5JCPGBAT	781
A2X52ZZ0CVVTSJ	782
A2X7BHWV5FLLR1	783
A2XFTFUZGMUS3V	784
A2XHFEJSOBA1FF	785
A2XKBNUP576AY6	786
A2XOV71CHXRGEV	787
A2XP5TBJSXTK21	788
A2XPT8ZZH17XGW	789
A2XQEU59A2IOJ9	790
A2XTSPMB8FVIZ7	791
A2XWJGPMMUATZ4	792
A2Y02SLG2R1HAZ	793
A2Y1R0BTSW56LZ	794
A2Y5NMPXJZML3D	795
A2YDK18V8CANFL	796
A2YG3JI1O05776	797
A2YMV767AP7Q4C	798
A2YXNMGY33ND0K	799
A2Z0MBZKCCO6DU	800
A2Z6NMRUWGUVAL	801
A2ZC1PHAHS5738	802
A2ZFSHEK4Y04OK	803
A2ZHCZ458YKWUE	804
A2ZIKSVEKM97VV	805
A2ZOCOJ6SIL8N5	806
A2ZW0RHBTD0Q9U	807
A2ZZDA9EFIH9KU	808
A2ZZFW0J2F39GO	809
A300U6KTLRNNYL	810
A302C994UT8FHV	811
A3063F7PEA30IM	812
A308XENZZDHCBC	813
A30BNQ0ALX6FRZ	814
A30FPY23SCYMSB	815
A30GBWO7TJPOZZ	816
A30JFIDG2BKLZC	817
A30K7M9TXSALHR	818
A30NFXK24GVIUD	819
A30RVAYZZTRYRT	820
A30S2XWHFQZ8X0	821
A30S8VOW84ORV7	822
A30VOS1GL2PDSO	823
A30WNO1KWS0K0P	824
A30WOXPI820KFJ	825
A318XAP8UZZWVU	826
A31A0HRVBG7MZ2	827
A31AKA7MLNK0XX	828
A31F4AXW4EFIFQ	829
A31IOIVW4DRRUY	830
A31KL1TRZCAE99	831
A31LW4NG1QG4HM	832
A31NH0PX49T33Z	833
A31OESX3HDY3GF	834
A31PGHMVWU8BRR	835
A31XU9F08HSNG9	836
A320BTSBIAO9AM	837
A3220T4SH7KOZ3	838
A3258AIQI17ZEU	839
A326IC1VD0U8J1	840
A32AABGP2BARC0	841
A32BDNP3UOJB2S	842
A32JWCTMB9T70S	843
A32LKZTI1E8OST	844
A32NSN49J64ZDA	845
A32QI41CRZPVIP	846
A32XI8J1VKX99U	847
A32YP3VTFS73DT	848
A3355TU2GYGQQ3	849
A33B0S1X3KJJ90	850
A33C4116V5JE9N	851
A33CFW3F5Q087H	852
A33FE7PWSJKXMQ	853
A33FE8NR17Y1AE	854
A33HWB3M8NWQ58	855
A33KILI1S0C8AG	856
A33PHOCSZE5BBT	857
A33TPSR7CE4NYD	858
A340C8595LLIRP	859
A340WNEL5E6CQA	860
A3480EJ45BZHSP	861
A34BHE18JCS7MF	862
A34CE623TDL7LU	863
A34G1070MR41IL	864
A34I8KA40LJDMG	865
A34IKYBGLCXSAB	866
A34L89O3Q8UEC6	867
A34OA4BB7Y1FWJ	868
A34SPFZIHHN907	869
A356GM5OM8GAS7	870
A35E3SEH2344Q6	871
A35J8V529D6MM8	872
A35JVJVRFVWGH3	873
A35JWV3EZUEMW5	874
A35N4FNDV5L3LK	875
A35YUEP6EIKDFX	876
A3617TIA0J5W2P	877
A3644XBFGBTDIA	878
A366AF1CQR2SWT	879
A36AL809OXAZ1B	880
A36DEWE48704JS	881
A36G7OAYNLVNDB	882
A36HE758XHWOJ9	883
A36OXYPW7GJNJ8	884
A36P918YOKV3DV	885
A36WFCQJE0WCQ1	886
A36XCCLA93FXR1	887
A36XWFUJLHM0LY	888
A36ZOO5JYN3AUA	889
A36ZSZNWBI2GFD	890
A372RIDV71QX2L	891
A37K8HMYB7IFP3	892
A37LFVK2UK9PIA	893
A37P9JZDFCG6NP	894
A37RTM7Y7O6GLN	895
A37XBQWYQ1N1FF	896
A37XEK0NXH31AI	897
A37YCFO1YGFP7Z	898
A381AZ0OW0290W	899
A38361ULSE1QOK	900
A38APC0FWN1XHC	901
A38CXHR3OJ4QEH	902
A38DGWI322M3SC	903
A38JSBZJFZPY2Y	904
A38RNKZYGIQA3O	905
A38U3PFCX3VO2K	906
A38WJTLTZM2P85	907
A391GICRSYN329	908
A395I3AGS4Y19D	909
A39AIPJUXO9HYV	910
A39BE6TWU7IGWH	911
A39DIXIGT0S99E	912
A39EHHWIUND7AL	913
A39ON8YQHXP1MB	914
A39OQ9F9HMBSKY	915
A39WDZULIH08JY	916
A39XUQTCMVLIBC	917
A39ZG02SBICGU2	918
A3AA9BC5QEKHKO	919
A3ADU4J047UKT1	920
A3AEUI5E3IGQOE	921
A3AGLWCGTR5JCH	922
A3AN7WHP4DJDN7	923
A3APD06LK6ITVP	924
A3ARLE1JL7VYL2	925
A3AUEMDRD142VD	926
A3AZQJ8AAM2HZY	927
A3AZRPZ2V6V4J6	928
A3B5OH9EE8WX1	929
A3B7KGAUPB3TKS	930
A3B7OVQT0VNHBH	931
A3BID3TD3LBOHA	932
A3BINY8P2HIS7Q	933
A3BISZB7NGPNMD	934
A3BJPWUH2JIWCQ	935
A3BJX5K1BL399Z	936
A3BK8RSFSFZ7RJ	937
A3BKYK19JP3WT5	938
A3BN5ZE419MH5A	939
A3BO846100XCSJ	940
A3BO90OBQNWQRV	941
A3BWHX8I2R4FKB	942
A3BXRIK0CBXDSQ	943
A3BZUQXA2QHDI2	944
A3C18681LSBVUJ	945
A3C6ECCMS00GK	946
A3CA89RZ04MEMV	947
A3CISYJDEX7OW4	948
A3CJTDKVRTTQZ4	949
A3CON4WD5PKNWO	950
A3CQ5980OVK9GQ	951
A3D36TWP0B3D6K	952
A3D4VYPFBI08C	953
A3D970RV21XEEJ	954
A3DCVM4G3R497K	955
A3DPR01E4UVYUL	956
A3DQJ97BDC771D	957
A3DR8L4TB0O72D	958
A3DV5ZLHMC0O7J	959
A3DZ3L3ZCCVHTP	960
A3E3I1MJEDZAQL	961
A3EAXTP4Z0NU5J	962
A3EKC3E6A0QWN9	963
A3EL4O1BB635ZQ	964
A3ELJZYF6X3W1K	965
A3EPSENV007GGN	966
A3EVY7YTFG81Q0	967
A3EWJT498QXNWL	968
A3EXXX8V6BBCJC	969
A3EYIUXFB6KDTM	970
A3F4WYSVDEGQ01	971
A3F9R6GWB9T9BH	972
A3FBGX8YQVFH5G	973
A3FBTW87AH32F9	974
A3FHJBSQ5QE7B7	975
A3FK7MF5OMEA3G	976
A3FM9VX7TBFGVW	977
A3FMDN9ZO1I5MO	978
A3FPVARA76X6IF	979
A3G0FEWUT5RS7G	980
A3G4J51ZJJ1FDQ	981
A3G79W693UBS7U	982
A3G7PI5G6L8B48	983
A3G7QVQOXAOQY7	984
A3G81I2PCR5LO7	985
A3G9H9PO9E7C5P	986
A3GMRQ0ACIQLTB	987
A3GXGBOJNEWVNT	988
A3H2BWZ5ZMVIHP	989
A3H3JAFDOJGKT0	990
A3HCOXKLJKJ41N	991
A3HFFGW9RZA2CE	992
A3HGKN3NV3ZBPS	993
A3HLAMP842AMWI	994
A3HPWCO03NENL4	995
A3HR0E52BZYZBZ	996
A3HZIN4667X23S	997
A3I08DNX8Z8JSJ	998
A3I0MHROTAY6DY	999
A3I43PYBXWCKNW	1000
A3I8CDF4MKBJA8	1001
A3IA48SD23DLS0	1002
A3IBWMCIBIQT4Q	1003
A3IEJDR6FZQUOL	1004
A3IFIPT18F40JH	1005
A3IMFZHFYXGXPQ	1006
A3IQ5ITCPAFGKD	1007
A3IX14SNXN0PMH	1008
A3J3XISARZT8GD	1009
A3J4ZS5GJVGL8Z	1010
A3J9A3S87VFMLM	1011
A3JAITM5A93M0U	1012
A3JJY85ZCNVBLR	1013
A3JK5V7MLETTNA	1014
A3JL3G7SU01JDP	1015
A3JMJFLIDNZKS0	1016
A3JQ0W6ULQ7YJP	1017
A3JSJPFSMYCQFO	1018
A3JT5XR92IFRVL	1019
A3KA3HCGOG6Y90	1020
A3KBWBP2MRCW37	1021
A3KKO5UYZY8H63	1022
A3KQQY9BGBWI0W	1023
A3KW7B14PR5TFM	1024
A3KZLIEGCSSM5L	1025
A3L1G175OSAXSS	1026
A3L56AEHQ1PMHJ	1027
A3L59EOEXSU9NJ	1028
A3LANSRXLT1PW0	1029
A3LB339RA8WIE8	1030
A3LB4B48ZJ73P8	1031
A3LESL1S0OWJ4G	1032
A3LM8QYQFUKJ29	1033
A3LQUESIM46YX2	1034
A3LRVGJ73EMPQV	1035
A3LYZ7UHWLKFTF	1036
A3M1QOJXJHUDTR	1037
A3M4ZO8CZZ22NH	1038
A3M5PAG9UCB9SY	1039
A3M72VCV0GQS77	1040
A3M7ZURWQZRFEE	1041
A3MFXK1Z16EUVG	1042
A3MG6GGYG4V98P	1043
A3MGUHLIA75C7C	1044
A3MLKL6SQJ5M50	1045
A3MNRPZ1ZWNV5L	1046
A3N0O1DVF2731T	1047
A3N4I8JLE6L9HS	1048
A3N51KJF0BHVPS	1049
A3N6RBTAJXQGK9	1050
A3NG2HOIPSTECW	1051
A3NJFDQGJICYEA	1052
A3NKCRQGGW0KD	1053
A3NOBH42C7UI5M	1054
A3NX6S7X1OYJ6N	1055
A3O08PYGZFE7WR	1056
A3O1R643VJFE9H	1057
A3O34Y6E3NR9UN	1058
A3O42G3FGY1SH3	1059
A3O9F8ZI5TOE4M	1060
A3OJALI14ZO6WY	1061
A3OJJN11RPR1EL	1062
A3OPAU6SE85T27	1063
A3OS6WFBP6TAQU	1064
A3OSHP1IM3JEBJ	1065
A3OVRBJYCW0TH7	1066
A3OXGKGXPL0Y75	1067
A3P43JFIPURWXX	1068
A3P4JGNGHW4SYE	1069
A3P9GM8M5I95GR	1070
A3PAMMPI0JCQ2U	1071
A3PCZZ3OS5F9VJ	1072
A3PEG6KLX2W8ZB	1073
A3PFNAOW11FTRC	1074
A3PJEPENNK7SY6	1075
A3PP1KBWQKN4O6	1076
A3PQR9UQ9SW1N9	1077
A3PWBWR700VF1Y	1078
A3PX104ZACADMR	1079
A3PX4588UQ714A	1080
A3Q0J88YMYLDUI	1081
A3Q2H96GEYT6UW	1082
A3Q4UDNT6USV7S	1083
A3QA3T6021M9XF	1084
A3QE874ZVA13CO	1085
A3QHJHI8DXCMPH	1086
A3QHMWIVUI82YW	1087
A3QI0RXOAI8DCD	1088
A3QO73FZ1J4DIT	1089
A3QSNF3WWPQJJZ	1090
A3QZ6XASE7BWZO	1091
A3R0HYBIBIGE9X	1092
A3R1FAQRSFTNXQ	1093
A3R7ATFBOPRY9F	1094
A3RGH03BWLHA7U	1095
A3RIWCDJ24X56V	1096
A3RJU3ZE8BT4A9	1097
A3RKNRLZ2D6D08	1098
A3RVY8B2DD0M60	1099
A3RWY905OIIBQO	1100
A3RZUQUV0P4131	1101
A3S6C3J8OL8546	1102
A3SBOGXDCFV79H	1103
A3SHLR86QIHDV1	1104
A3SJNGM3XF3ZTQ	1105
A3SOP80JXD9Y3T	1106
A3SSACLU33YCSZ	1107
A3SUN77SGGHP8K	1108
A3SXYNNGEHIZKB	1109
A3T1BCKTKQV9RO	1110
A3T5FPFHP6ZN8P	1111
A3T872C1ALEME7	1112
A3TAEZTGDMRCA7	1113
A3TE4OYNZF5ZNC	1114
A3TFQ5AT34KQFB	1115
A3TLH1Q8IUJJMI	1116
A3TR650QFF103X	1117
A3TXHLB7R70EGA	1118
A3TZGE5IMK8JPK	1119
A3U1PZRR6KF537	1120
A3U9MQSG87E5TX	1121
A3UED9J35FMRFF	1122
A3UKWIAP8IZDHM	1123
A3UTB9REFE1AKX	1124
A3UTQ406O3K3R6	1125
A3UUYY8AMSXY22	1126
A3VFK4J8M70O9E	1127
A3VIQ8FY7IZY95	1128
A3VJBFTUXNAEN2	1129
A3VUB16U0BR7FN	1130
A4D4B1R1LNW7L	1131
A4DP4HGJNI1KG	1132
A4GX2EPAXU2UF	1133
A4IJBVEONRRPP	1134
A4RJSOJFWJ04I	1135
A4TIE058JHER7	1136
A4W81G6KRMF4K	1137
A4X2VX5TG2FMI	1138
A55KKJB1XRBXM	1139
A56P5Q07GSIA5	1140
A571T4LGCDJJZ	1141
A58K3LOGJXFZ	1142
A5AQPXE573SP1	1143
A5OX9RSHPY52F	1144
A5SJOQ553WJN4	1145
A5YWR5KK31NEJ	1146
A616N31K1Q8JT	1147
A62N898BQD6UH	1148
A64NUTE3FGYSP	1149
A6BGZ99XBZ0CB	1150
A6E1E895Q0YS3	1151
A6JTDTXYV9H0D	1152
A6MIUWMC0PW8I	1153
A6Q2DD62M581W	1154
A6QLXYFMT34E	1155
A6SFD5RFU6VXD	1156
A6YLLHFQF4UGP	1157
A71K1706C6EDY	1158
A7357KQSOESYC	1159
A7E2SZ7U0DERH	1160
A7EHAXLU64UAE	1161
A7EVYQ48ULIST	1162
A7G13MQ7I3XXE	1163
A7OSC32RM3OY	1164
A7P8JO7MC314R	1165
A7UJ1R5RW6P8X	1166
A7W6K1ZG1C4U9	1167
A7YG458EP868S	1168
A7ZH32CL0PIG0	1169
A805LMHV9G3N3	1170
A80H5PNRY1C0M	1171
A8C9AMYLN1Q3S	1172
A8DROLWMDMHZL	1173
A8INT3NMHRUS4	1174
A8NGDYQ4C6L8P	1175
A8T1ORO606MJB	1176
A8U3FAMSJVHS5	1177
A8ULNBZ6K431Y	1178
A8WQYN9ICHV1E	1179
A992GET8E8OEQ	1180
A9CV9FORJD7ES	1181
A9EWUH51CPC6F	1182
A9JWP771B3C29	1183
A9L5C8HT8TC86	1184
A9OQDRXG3GZ02	1185
A9RZAH4P6QDY1	1186
AA0XCB8LGWSSM	1187
AA0ZB7FAEO5OR	1188
AA83GX8E1B9N7	1189
AA9Z3O5JQHGIN	1190
AACR36OB9HTS	1191
AAHOL35692RX2	1192
AAIS1PVUHHEZR	1193
AALCU7KDZ8V61	1194
AAMAQA8MWUEEX	1195
AAN4GV4JMU734	1196
AAT6YMK281B0K	1197
AATG9BI96R5N4	1198
AB83LYAECUIAX	1199
AB8EBHX4P2UQ8	1200
ABFWD34GBK93M	1201
ABG80QQFF6VDP	1202
ABGGLHSYICL1N	1203
ABH6TJWFFK2EH	1204
ABI9COIFMI7R8	1205
ABVU2FGJ6V098	1206
ABZLE3L0LZVR6	1207
AC4XTHYPABQEA	1208
ACL6H8Q17XQPN	1209
ACVW345PL6XSC	1210
AD3E2O3AXLOFC	1211
AD44I332F78CC	1212
AD4W7EHY0GLJR	1213
AD5LHZ19FZ8G3	1214
ADAPG8M4QTCPJ	1215
ADHKA6X1GZA4U	1216
ADIQ7X8ASMVDR	1217
ADP5RWKN76FSU	1218
ADSVW8V0SK8EP	1219
ADT6TI9NSUU86	1220
AE1BRQDM69KO4	1221
AE24ZJRHI2DU8	1222
AE7VMJQ9RA3T9	1223
AE84L6RPHGE1T	1224
AF23JQUWFETIK	1225
AF30W6VYOTF7H	1226
AF6RXDJEUB2Q0	1227
AF8SREA2XE7BJ	1228
AFFBIRTHD6LUW	1229
AFG3O4Q1ZG2V5	1230
AFTJGKMPC7A6G	1231
AFZ2HKBIF4UVM	1232
AG0SEKQHFY733	1233
AG6WOD5BUD8BH	1234
AGMRDIU769QZ0	1235
AGOS889EYCZ6I	1236
AGP2F6GP4MJA8	1237
AGWNGY8DYWMMO	1238
AGXZ8KMTJW48W	1239
AH0ABA3G8WHM1	1240
AH3YDMM67FS3S	1241
AH5GCNH82ZU0C	1242
AHFHIAIMWJ8G5	1243
AHJSMKJJJF8XQ	1244
AHM9YUJ6UUZEP	1245
AHMXX783FD5K0	1246
AHNJCXKM7QOFJ	1247
AHO648BYUD2HJ	1248
AI335CO45JD15	1249
AI5BNB2G284JR	1250
AICKNXBLAHCX7	1251
AICX4J0D8AOGA	1252
AIG2XHG4YH9PM	1253
AIM17FXT1UICK	1254
AINFC1NJ3ALN0	1255
AIQ7VLRJI9I8P	1256
AIR15M8GHFC2X	1257
AIUT0HTD4HFV2	1258
AJ15CRA1HT4SY	1259
AJ1L8TWZARIO7	1260
AJ6SUOD2TE12H	1261
AJGCTPE2QLHHA	1262
AJGN47OUGFDIT	1263
AJGU56YG8G1DQ	1264
AJJH71T4KKHOH	1265
AJQ506EP7A9MS	1266
AJTFFGE5K339W	1267
AJY6RQ7CBDMWE	1268
AJZWJAYGB5ADM	1269
AK4JGY769E6E	1270
AK6TRFBTJM781	1271
AK8LOFYRZJJW0	1272
AKCUY18BL2RZH	1273
AKDZ611E1UQK5	1274
AKFFQL9ZT0VMT	1275
AKH54E1E9JQB1	1276
AKIN43MKZJRR0	1277
AKK6Q5SVJ166N	1278
AKMYL7AUV77CE	1279
AKO2D6RO0CYF6	1280
AKOASAEF2N7F5	1281
AKOD0K2OUZ0CZ	1282
AKVR27NX3SUJZ	1283
AL1SXMFNHW0J5	1284
AL1TLIWYAG1DH	1285
AL91U88D2LTPJ	1286
ALKDL3UEHSDPC	1287
ALZ8D5293AYYI	1288
ALZNT57WHMMJP	1289
AM0Z75IV941YF	1290
AM10WNATUOHBU	1291
AM20VKKXUZY3G	1292
AMA9P621OHNC6	1293
AMEL533AU04WN	1294
AMFVB6E0W9FJD	1295
AMI1Z2XD1ZSFK	1296
AMI6BT4WU9NNC	1297
AMPSQT1S7WASD	1298
AN3GM5JEPUID5	1299
ANAN3CF77MMQG	1300
ANBKNPBCRLWNV	1301
ANN45X8GFCJA7	1302
ANVBG7EV7OLVO	1303
AO0MHBLV529AU	1304
AO3BRRDNXCTN7	1305
AO5HECJFS7Z14	1306
AO6KAOBHYXGGW	1307
AOJK5160ZSIWB	1308
AOU0HRCD40J2	1309
AOUMA7UWG681B	1310
AOVFRJ7NC4GOF	1311
AOWDWXQXUZX87	1312
AOXVTGL672OZL	1313
AP6TK94IR577S	1314
APDYD7718D5OA	1315
API5JLBRT6FIN	1316
APL32S06CLWU3	1317
APSJS8SNOEKUK	1318
AQ2HSV8OBE57H	1319
AQ9MK6B6ZCAJ	1320
AQ9U9IWWE0RRQ	1321
AQCA8TL5FA651	1322
AQD8V7FVRKZIF	1323
AQI6XI2E3VKZE	1324
AQI8CWCVBCMJ2	1325
AQKN0LR4CQY28	1326
AQLMQHMCH2IVF	1327
AQOFLJ2IOMOO8	1328
AQPMB4R2J409P	1329
AQQRBYR1MITGK	1330
AQY55DYVD4LFT	1331
AR6287X5D32FO	1332
AR6JRO559GXIK	1333
AR712P2OO0OUC	1334
AR75HZA85VATC	1335
AR771XLCIGS5Q	1336
ARB4CGEQAPN5G	1337
ARHL47VE0W46R	1338
ARJCCS7X9GSA	1339
ARS946Q8JBIL3	1340
ARTPRZWG3M212	1341
ARX1TXLW7VVGT	1342
AS1AO48M7VYZ1	1343
AS1I8JXXD0CM8	1344
AS65L3A9I2ES6	1345
AS6ZPWC2SRLBB	1346
AS9HM4I2QGLDD	1347
ASALO16Q9RROM	1348
ASFJMQN9COPPQ	1349
ASJ0MKRFZC47B	1350
ASJDWJJ7YXH9O	1351
ASLUJEJ157OJR	1352
ASN538TW9W15X	1353
ASRJJQG80YRLU	1354
ASSFVTXVRP2TJ	1355
AST3G99927X50	1356
ASXKOIXZ4LPZ2	1357
AT2OYG03C32IL	1358
AT7M8IJOIOPFG	1359
ATC9LGFCYKIDF	1360
ATJ22NADXNLD9	1361
ATQ0RPIQ8OAB	1362
ATTPH78IPZYSW	1363
ATU5GPYOG4SOI	1364
AU0TB11NTQOVA	1365
AU7QX5BO1XX3Y	1366
AU91KFQA3DV3V	1367
AUO9AW8RO2G2N	1368
AUT0MYSC0CRDE	1369
AUV3OR951650C	1370
AV26C44KLOPRY	1371
AV27V8MP3KAP2	1372
AV4J839UXLQUA	1373
AV7OX86BCXFG5	1374
AV9BKZLWR2SMY	1375
AV9GR5OPDGMSG	1376
AVARX30JTI16A	1377
AVKF05BAX2Z3I	1378
AVMPAK7MC9R22	1379
AVU855PWNWOSY	1380
AVUE43ZYOBDZA	1381
AVUJP7Z6BNT11	1382
AVWTKY3651NDR	1383
AVX6FJQ65LHL4	1384
AVXK1HLH1TKZM	1385
AVYAGQ0FZLRZ0	1386
AW1PSSVB9U8LL	1387
AWGD0ACATDBKT	1388
AWHDU7SC6M877	1389
AWNQ2PULUBHDH	1390
AWPW00TNMRBMW	1391
AWWCIMNN1ZJSS	1392
AWX8SYOFCNDYV	1393
AX0ZOOHFLVEC8	1394
AX3NM18HYF4DV	1395
AX8SKN6CBBIW8	1396
AXB6VC87NESRZ	1397
AXKCFGN6411MY	1398
AXKR8PE6G5BQ0	1399
AXXVWNE2G8LHU	1400
AY5AGP1CJ6MWI	1401
AY6I0YNS3QAMM	1402
AY6QD8ZNMH4O6	1403
AYB042Y7AW888	1404
AYC9UAJ4UOVH0	1405
AYDM3UZT7QS8L	1406
AYLSXJZTPCEKY	1407
AYOMAHLWRQHUG	1408
AYVCC1AOW44CF	1409
AYXJO44RWFQL0	1410
AYYJXBI9Z1GCU	1411
AZ7LE641P4YZ6	1412
AZAIAVG0J46XJ	1413
AZDKUHPD166KW	1414
AZF3SGTJKSBEJ	1415
AZFWSRXG2A9LD	1416
AZKJPAN0VWTMU	1417
AZMVXJMSXQV8R	1418
AZPQ90JR1IDJE	1419
AZQMCPLOMGEUX	1420
AZR7YZVUV3U5T	1421
AZV1504LFE244	1422
AZVX2VOHSP2IS	1423
AZZT1ERHBSNQ8	1424
